z,sxz,yld
0.00434,-0.005063,1
0.00434,-0.002295,1
0.00434,-0.004214,1
0.00434,-0.001312,1
0.00434,-0.000857,1
0.00434,-0.003002,1
0.00434,0.000852,1
0.00434,0.000958,1
0.00434,0.000246,1
0.00434,-0.000976,1
0.00434,-0.000559,1
0.00434,-0.001923,1
0.00434,-0.002221,1
0.02063,-0.007949,1
0.02063,-0.005155,1
0.02063,-0.007929,1
0.02063,-0.008032,1
0.02063,-0.009964,1
0.02063,-0.006826,1
0.02063,-0.006366,1
0.02063,-0.007252,1
0.02063,-0.005565,1
0.02063,-0.005164,1
0.02063,-0.009780,1
0.02063,-0.008389,1
0.02063,-0.004780,1
0.04187,-0.015788,1
0.04187,-0.011410,1
0.04187,-0.015705,1
0.04187,-0.015377,1
0.04187,-0.016140,1
0.04187,-0.014174,1
0.04187,-0.013226,1
0.04187,-0.014493,1
0.04187,-0.011387,1
0.04187,-0.010696,1
0.04187,-0.017041,1
0.04187,-0.016893,1
0.04187,-0.010878,1
0.05816,-0.018249,1
0.05816,-0.018695,1
0.05816,-0.019381,1
0.05816,-0.024998,1
0.05816,-0.022597,1
0.05816,-0.021001,1
0.05816,-0.019475,1
0.05816,-0.020808,1
0.05816,-0.017778,1
0.05816,-0.017231,1
0.05816,-0.016000,1
0.05816,-0.016646,1
0.05816,-0.016203,1
0.06684,-0.023183,1
0.06684,-0.024673,1
0.06684,-0.021382,1
0.06684,-0.026712,1
0.06684,-0.027879,1
0.06684,-0.028100,1
0.06684,-0.026795,1
0.06684,-0.026911,1
0.06684,-0.022956,1
0.06684,-0.020808,1
0.06684,-0.017691,1
0.06684,-0.017278,1
0.06684,-0.016353,1
0.08313,-0.026521,1
0.08313,-0.027262,1
0.08313,-0.026921,1
0.08313,-0.030499,1
0.08313,-0.028053,1
0.08313,-0.029940,1
0.08313,-0.029575,1
0.08313,-0.030852,1
0.08313,-0.028119,1
0.08313,-0.026598,1
0.08313,-0.024532,1
0.08313,-0.023091,1
0.08313,-0.021581,1
0.10437,-0.038576,1
0.10437,-0.035893,1
0.10437,-0.033423,1
0.10437,-0.036448,1
0.10437,-0.036057,1
0.10437,-0.032526,1
0.10437,-0.036327,1
0.10437,-0.034601,1
0.10437,-0.033086,1
0.10437,-0.032451,1
0.10437,-0.032093,1
0.10437,-0.029646,1
0.10437,-0.027836,1
0.12066,-0.046932,1
0.12066,-0.043262,1
0.12066,-0.037287,1
0.12066,-0.032239,1
0.12066,-0.046595,1
0.12066,-0.041356,1
0.12066,-0.044562,1
0.12066,-0.038076,1
0.12066,-0.040816,1
0.12066,-0.039410,1
0.12066,-0.035445,1
0.12066,-0.036929,1
0.12066,-0.033947,1
0.12934,-0.039627,1
0.12934,-0.044500,1
0.12934,-0.045024,1
0.12934,-0.044944,1
0.12934,-0.041279,1
0.12934,-0.036748,1
0.12934,-0.044458,1
0.12934,-0.045384,1
0.12934,-0.045560,1
0.12934,-0.042159,1
0.12934,-0.042726,1
0.12934,-0.039498,1
0.12934,-0.033773,1
0.14563,-0.055405,1
0.14563,-0.055619,1
0.14563,-0.049101,1
0.14563,-0.047643,1
0.14563,-0.043400,1
0.14563,-0.044463,1
0.14563,-0.045887,1
0.14563,-0.044955,1
0.14563,-0.042196,1
0.14563,-0.046083,1
0.14563,-0.042629,1
0.14563,-0.040773,1
0.14563,-0.047267,1
0.16687,-0.053724,1
0.16687,-0.065376,1
0.16687,-0.065898,1
0.16687,-0.056436,1
0.16687,-0.049911,1
0.16687,-0.048659,1
0.16687,-0.051003,1
0.16687,-0.050461,1
0.16687,-0.047332,1
0.16687,-0.049106,1
0.16687,-0.047508,1
0.16687,-0.056916,1
0.16687,-0.052036,1
0.18316,-0.058426,1
0.18316,-0.060782,1
0.18316,-0.055565,1
0.18316,-0.057899,1
0.18316,-0.056721,1
0.18316,-0.050819,1
0.18316,-0.070277,1
0.18316,-0.071897,1
0.18316,-0.064207,1
0.18316,-0.052556,1
0.18316,-0.056341,1
0.18316,-0.053120,1
0.18316,-0.063036,1
0.19184,-0.056710,1
0.19184,-0.053453,1
0.19184,-0.074029,1
0.19184,-0.058518,1
0.19184,-0.055266,1
0.19184,-0.059387,1
0.19184,-0.065854,1
0.19184,-0.056739,1
0.19184,-0.057492,1
0.19184,-0.056861,1
0.19184,-0.075309,1
0.19184,-0.062143,1
0.19184,-0.058070,1
0.20813,-0.061670,1
0.20813,-0.065360,1
0.20813,-0.072620,1
0.20813,-0.067438,1
0.20813,-0.060454,1
0.20813,-0.060964,1
0.20813,-0.058570,1
0.20813,-0.060719,1
0.20813,-0.060318,1
0.20813,-0.059222,1
0.20813,-0.085659,1
0.20813,-0.084463,1
0.20813,-0.078386,1
0.22937,-0.095930,1
0.22937,-0.093257,1
0.22937,-0.082696,1
0.22937,-0.076661,1
0.22937,-0.075172,1
0.22937,-0.069359,1
0.22937,-0.068507,1
0.22937,-0.066665,1
0.22937,-0.064649,1
0.22937,-0.064150,1
0.22937,-0.064815,1
0.22937,-0.063705,1
0.22937,-0.090331,1
0.24566,-0.096648,1
0.24566,-0.081661,1
0.24566,-0.074010,1
0.24566,-0.070559,1
0.24566,-0.101584,1
0.24566,-0.096485,1
0.24566,-0.087970,1
0.24566,-0.082079,1
0.24566,-0.075996,1
0.24566,-0.071860,1
0.24566,-0.068035,1
0.24566,-0.069414,1
0.24566,-0.068196,1
0.25434,-0.112838,1
0.25434,-0.105776,1
0.25434,-0.106077,1
0.25434,-0.094861,1
0.25434,-0.086254,1
0.25434,-0.084287,1
0.25434,-0.078093,1
0.25434,-0.074850,1
0.25434,-0.072273,1
0.25434,-0.071623,1
0.25434,-0.068529,1
0.25434,-0.070829,1
0.25434,-0.070368,1
0.27063,-0.115982,1
0.27063,-0.109999,1
0.27063,-0.113886,1
0.27063,-0.104215,1
0.27063,-0.097089,1
0.27063,-0.095545,1
0.27063,-0.089708,1
0.27063,-0.084221,1
0.27063,-0.079073,1
0.27063,-0.076730,1
0.27063,-0.071340,1
0.27063,-0.071967,1
0.27063,-0.069879,1
0.29187,-0.124458,1
0.29187,-0.118620,1
0.29187,-0.123733,1
0.29187,-0.114961,1
0.29187,-0.107905,1
0.29187,-0.105504,1
0.29187,-0.100782,1
0.29187,-0.093449,1
0.29187,-0.086521,1
0.29187,-0.083249,1
0.29187,-0.076585,1
0.29187,-0.075817,1
0.29187,-0.072556,1
0.30816,-0.134786,1
0.30816,-0.130932,1
0.30816,-0.122017,1
0.30816,-0.113860,1
0.30816,-0.106651,1
0.30816,-0.098542,1
0.30816,-0.091289,1
0.30816,-0.081675,1
0.30816,-0.080426,1
0.30816,-0.076996,1
0.30816,-0.128033,1
0.30816,-0.109933,1
0.30816,-0.088184,1
0.31684,-0.132623,1
0.31684,-0.133782,1
0.31684,-0.133987,1
0.31684,-0.126846,1
0.31684,-0.120368,1
0.31684,-0.105989,1
0.31684,-0.095560,1
0.31684,-0.090200,1
0.31684,-0.079777,1
0.31684,-0.074649,1
0.31684,-0.138297,1
0.31684,-0.116792,1
0.31684,-0.082937,1
0.33313,-0.129675,0
0.33313,-0.131836,0
0.33313,-0.131150,1
0.33313,-0.126897,1
0.33313,-0.121631,1
0.33313,-0.121145,1
0.33313,-0.111513,1
0.33313,-0.101771,1
0.33313,-0.096296,1
0.33313,-0.089823,1
0.33313,-0.085408,1
0.33313,-0.079569,1
0.33313,-0.132146,1
0.35437,-0.131330,1
0.35437,-0.126765,0
0.35437,-0.132689,1
0.35437,-0.126968,1
0.35437,-0.127845,1
0.35437,-0.119356,1
0.35437,-0.109834,1
0.35437,-0.103587,1
0.35437,-0.092425,1
0.35437,-0.085642,1
0.35437,-0.129128,0
0.35437,-0.127737,0
0.35437,-0.098590,1
0.37066,-0.134336,1
0.37066,-0.137081,0
0.37066,-0.133917,1
0.37066,-0.125989,1
0.37066,-0.116077,1
0.37066,-0.108713,1
0.37066,-0.097600,1
0.37066,-0.090039,1
0.37066,-0.125596,0
0.37066,-0.128994,0
0.37066,-0.129323,0
0.37066,-0.134837,0
0.37066,-0.105256,1
0.37934,-0.125957,0
0.37934,-0.125842,0
0.37934,-0.128633,0
0.37934,-0.123218,0
0.37934,-0.125915,1
0.37934,-0.119466,1
0.37934,-0.112741,1
0.37934,-0.110132,1
0.37934,-0.094796,1
0.37934,-0.122563,0
0.37934,-0.122447,0
0.37934,-0.124617,0
0.37934,-0.102053,1
0.39563,-0.123085,0
0.39563,-0.122502,0
0.39563,-0.123353,0
0.39563,-0.124090,0
0.39563,-0.123726,0
0.39563,-0.121267,0
0.39563,-0.117864,0
0.39563,-0.117749,0
0.39563,-0.111429,0
0.39563,-0.105654,0
0.39563,-0.121435,0
0.39563,-0.121184,0
0.39563,-0.120930,0
0.41687,-0.120304,0
0.41687,-0.119945,0
0.41687,-0.119615,0
0.41687,-0.119951,0
0.41687,-0.120112,0
0.41687,-0.121109,0
0.41687,-0.121285,0
0.41687,-0.120559,0
0.41687,-0.122196,0
0.41687,-0.118946,0
0.41687,-0.115977,0
0.41687,-0.119414,0
0.41687,-0.119051,0
0.43316,-0.117887,0
0.43316,-0.118154,0
0.43316,-0.118233,0
0.43316,-0.118557,0
0.43316,-0.120417,0
0.43316,-0.122379,0
0.43316,-0.123528,0
0.43316,-0.122828,0
0.43316,-0.118100,0
0.43316,-0.125353,0
0.43316,-0.124106,0
0.43316,-0.118589,0
0.43316,-0.117687,0
0.44184,-0.119428,0
0.44184,-0.120316,0
0.44184,-0.124892,0
0.44184,-0.118446,0
0.44184,-0.118153,0
0.44184,-0.119392,0
0.44184,-0.121799,0
0.44184,-0.126417,0
0.44184,-0.118938,0
0.44184,-0.118889,0
0.44184,-0.123605,0
0.44184,-0.125754,0
0.44184,-0.124958,0
0.45813,-0.124203,0
0.45813,-0.121756,0
0.45813,-0.120491,0
0.45813,-0.120092,0
0.45813,-0.120761,0
0.45813,-0.121470,0
0.45813,-0.122688,0
0.45813,-0.126069,0
0.45813,-0.127415,0
0.45813,-0.128436,0
0.45813,-0.128192,0
0.45813,-0.119961,0
0.45813,-0.128646,0
0.47937,-0.122544,0
0.47937,-0.122262,0
0.47937,-0.123163,0
0.47937,-0.124119,0
0.47937,-0.124715,0
0.47937,-0.125699,0
0.47937,-0.127326,0
0.47937,-0.129362,0
0.47937,-0.130858,0
0.47937,-0.131912,0
0.47937,-0.132249,0
0.47937,-0.132665,0
0.47937,-0.122294,0
0.49566,-0.123943,0
0.49566,-0.124062,0
0.49566,-0.124971,0
0.49566,-0.126101,0
0.49566,-0.126923,0
0.49566,-0.127942,0
0.49566,-0.129709,0
0.49566,-0.131947,0
0.49566,-0.133612,0
0.49566,-0.134689,0
0.49566,-0.135410,0
0.49566,-0.136286,0
0.49566,-0.124138,0
0.50434,-0.125563,0
0.50434,-0.125457,0
0.50434,-0.125641,0
0.50434,-0.126610,0
0.50434,-0.127816,0
0.50434,-0.128695,0
0.50434,-0.129659,0
0.50434,-0.131307,0
0.50434,-0.133406,0
0.50434,-0.134977,0
0.50434,-0.135997,0
0.50434,-0.136749,0
0.50434,-0.137692,0
0.52063,-0.128405,0
0.52063,-0.128403,0
0.52063,-0.128650,0
0.52063,-0.129622,0
0.52063,-0.130854,0
0.52063,-0.131771,0
0.52063,-0.132674,0
0.52063,-0.134227,0
0.52063,-0.136214,0
0.52063,-0.137708,0
0.52063,-0.138640,0
0.52063,-0.139477,0
0.52063,-0.140532,0
0.54187,-0.132034,0
0.54187,-0.132155,0
0.54187,-0.132467,0
0.54187,-0.133448,0
0.54187,-0.134722,0
0.54187,-0.135692,0
0.54187,-0.136539,0
0.54187,-0.138016,0
0.54187,-0.139920,0
0.54187,-0.141362,0
0.54187,-0.142225,0
0.54187,-0.143175,0
0.54187,-0.144382,0
0.55816,-0.134756,0
0.55816,-0.134961,0
0.55816,-0.135308,0
0.55816,-0.136301,0
0.55816,-0.137611,0
0.55816,-0.138627,0
0.55816,-0.139449,0
0.55816,-0.140904,0
0.55816,-0.142792,0
0.55816,-0.144231,0
0.55816,-0.145076,0
0.55816,-0.146117,0
0.55816,-0.147442,0
0.56684,-0.136455,0
0.56684,-0.136699,0
0.56684,-0.137056,0
0.56684,-0.138039,0
0.56684,-0.139335,0
0.56684,-0.140340,0
0.56684,-0.141132,0
0.56684,-0.142532,0
0.56684,-0.144352,0
0.56684,-0.145742,0
0.56684,-0.146556,0
0.56684,-0.147590,0
0.56684,-0.148917,0
0.58313,-0.139635,0
0.58313,-0.139923,0
0.58313,-0.140288,0
0.58313,-0.141238,0
0.58313,-0.142497,0
0.58313,-0.143478,0
0.58313,-0.144220,0
0.58313,-0.145541,0
0.58313,-0.147263,0
0.58313,-0.148582,0
0.58313,-0.149347,0
0.58313,-0.150373,0
0.58313,-0.151695,0
0.60437,-0.143694,0
0.60437,-0.144036,0
0.60437,-0.144409,0
0.60437,-0.145326,0
0.60437,-0.146550,0
0.60437,-0.147510,0
0.60437,-0.148201,0
0.60437,-0.149443,0
0.60437,-0.151070,0
0.60437,-0.152323,0
0.60437,-0.153041,0
0.60437,-0.154066,0
0.60437,-0.155392,0
0.62066,-0.146736,0
0.62066,-0.147116,0
0.62066,-0.147495,0
0.62066,-0.148394,0
0.62066,-0.149601,0
0.62066,-0.150552,0
0.62066,-0.151216,0
0.62066,-0.152417,0
0.62066,-0.153996,0
0.62066,-0.155216,0
0.62066,-0.155912,0
0.62066,-0.156943,0
0.62066,-0.158283,0
0.62934,-0.148451,0
0.62934,-0.150098,0
0.62934,-0.151280,0
0.62934,-0.154018,0
0.62934,-0.155551,0
0.62934,-0.158426,0
0.62934,-0.159748,0
0.62934,-0.148843,0
0.62934,-0.152212,0
0.62934,-0.156737,0
0.62934,-0.149218,0
0.62934,-0.152854,0
0.62934,-0.157412,0
0.64563,-0.151608,0
0.64563,-0.152012,0
0.64563,-0.153220,0
0.64563,-0.154354,0
0.64563,-0.155251,0
0.64563,-0.156959,0
0.64563,-0.158414,0
0.64563,-0.159542,0
0.64563,-0.161163,0
0.64563,-0.162447,0
0.64563,-0.152378,0
0.64563,-0.155857,0
0.64563,-0.160181,0
0.66687,-0.155650,0
0.66687,-0.156069,0
0.66687,-0.156426,0
0.66687,-0.157227,0
0.66687,-0.158310,0
0.66687,-0.159169,0
0.66687,-0.159736,0
0.66687,-0.160771,0
0.66687,-0.162143,0
0.66687,-0.163210,0
0.66687,-0.163812,0
0.66687,-0.164761,0
0.66687,-0.166006,0
0.68316,-0.158688,0
0.68316,-0.159119,0
0.68316,-0.159470,0
0.68316,-0.160247,0
0.68316,-0.161300,0
0.68316,-0.162137,0
0.68316,-0.162679,0
0.68316,-0.163675,0
0.68316,-0.164997,0
0.68316,-0.166029,0
0.68316,-0.166608,0
0.68316,-0.167538,0
0.68316,-0.168762,0
0.69184,-0.160330,0
0.69184,-0.160762,0
0.69184,-0.162894,0
0.69184,-0.163713,0
0.69184,-0.166494,0
0.69184,-0.167499,0
0.69184,-0.170174,0
0.69184,-0.161107,0
0.69184,-0.161865,0
0.69184,-0.164240,0
0.69184,-0.165207,0
0.69184,-0.168063,0
0.69184,-0.168974,0
0.70813,-0.163327,0
0.70813,-0.163756,0
0.70813,-0.164813,0
0.70813,-0.166584,0
0.70813,-0.167083,0
0.70813,-0.168001,0
0.70813,-0.169226,0
0.70813,-0.170184,0
0.70813,-0.170720,0
0.70813,-0.171595,0
0.70813,-0.172750,0
0.70813,-0.164090,0
0.70813,-0.165798,0
0.72937,-0.169542,0
0.72937,-0.167173,0
0.72937,-0.167600,0
0.72937,-0.168607,0
0.72937,-0.170291,0
0.72937,-0.170760,0
0.72937,-0.171623,0
0.72937,-0.172778,0
0.72937,-0.173684,0
0.72937,-0.174189,0
0.72937,-0.175024,0
0.72937,-0.176130,0
0.72937,-0.167921,0
0.74566,-0.173104,0
0.74566,-0.170072,0
0.74566,-0.171473,0
0.74566,-0.172378,0
0.74566,-0.173552,0
0.74566,-0.174380,0
0.74566,-0.175491,0
0.74566,-0.176365,0
0.74566,-0.177658,0
0.74566,-0.178733,0
0.74566,-0.170499,0
0.74566,-0.170812,0
0.74566,-0.176849,0
0.75434,-0.173866,0
0.75434,-0.174575,0
0.75434,-0.175012,0
0.75434,-0.172029,0
0.75434,-0.175818,0
0.75434,-0.176900,0
0.75434,-0.177753,0
0.75434,-0.178225,0
0.75434,-0.180068,0
0.75434,-0.171604,0
0.75434,-0.172336,0
0.75434,-0.172981,0
0.75434,-0.179016,0
0.77063,-0.177241,0
0.77063,-0.178424,0
0.77063,-0.175713,0
0.77063,-0.176560,0
0.77063,-0.177657,0
0.77063,-0.179456,0
0.77063,-0.180271,0
0.77063,-0.180721,0
0.77063,-0.181478,0
0.77063,-0.182488,0
0.77063,-0.174382,0
0.77063,-0.174800,0
0.77063,-0.175095,0
0.79187,-0.183547,0
0.79187,-0.185651,0
0.79187,-0.177955,0
0.79187,-0.178365,0
0.79187,-0.178648,0
0.79187,-0.179233,0
0.79187,-0.180038,0
0.79187,-0.180687,0
0.79187,-0.181078,0
0.79187,-0.181801,0
0.79187,-0.182775,0
0.79187,-0.183971,0
0.79187,-0.184690,0
0.80816,-0.186051,0
0.80816,-0.181059,0
0.80816,-0.181898,0
0.80816,-0.183303,0
0.80816,-0.183679,0
0.80816,-0.184371,0
0.80816,-0.185308,0
0.80816,-0.186459,0
0.80816,-0.187152,0
0.80816,-0.180653,0
0.80816,-0.181334,0
0.80816,-0.182675,0
0.80816,-0.188081,0
0.81684,-0.187340,0
0.81684,-0.182060,0
0.81684,-0.182462,0
0.81684,-0.182732,0
0.81684,-0.184043,0
0.81684,-0.184658,0
0.81684,-0.185024,0
0.81684,-0.185700,0
0.81684,-0.186614,0
0.81684,-0.187738,0
0.81684,-0.189324,0
0.81684,-0.183282,0
0.81684,-0.188415,0
0.83313,-0.187100,0
0.83313,-0.189663,0
0.83313,-0.184989,0
0.83313,-0.185249,0
0.83313,-0.185777,0
0.83313,-0.186508,0
0.83313,-0.187449,0
0.83313,-0.188094,0
0.83313,-0.188968,0
0.83313,-0.190043,0
0.83313,-0.190691,0
0.83313,-0.191563,0
0.83313,-0.184595,0
0.85437,-0.190257,0
0.85437,-0.187859,0
0.85437,-0.188494,0
0.85437,-0.188996,0
0.85437,-0.189692,0
0.85437,-0.190588,0
0.85437,-0.191196,0
0.85437,-0.192023,0
0.85437,-0.192683,0
0.85437,-0.193042,0
0.85437,-0.193657,0
0.85437,-0.194485,0
0.85437,-0.188245,0
0.87066,-0.192655,0
0.87066,-0.194989,0
0.87066,-0.191435,0
0.87066,-0.192108,0
0.87066,-0.192973,0
0.87066,-0.193557,0
0.87066,-0.194353,0
0.87066,-0.195334,0
0.87066,-0.195925,0
0.87066,-0.196725,0
0.87066,-0.190708,0
0.87066,-0.190328,0
0.87066,-0.190951,0
0.87934,-0.193887,0
0.87934,-0.193350,0
0.87934,-0.194198,0
0.87934,-0.194768,0
0.87934,-0.196169,0
0.87934,-0.191601,0
0.87934,-0.191978,0
0.87934,-0.192216,0
0.87934,-0.192690,0
0.87934,-0.195546,0
0.87934,-0.196506,0
0.87934,-0.197084,0
0.87934,-0.197866,0
0.89563,-0.196937,0
0.89563,-0.193883,0
0.89563,-0.194253,0
0.89563,-0.194939,0
0.89563,-0.195575,0
0.89563,-0.196094,0
0.89563,-0.197684,0
0.89563,-0.198282,0
0.89563,-0.199158,0
0.89563,-0.199909,0
0.89563,-0.196392,0
0.89563,-0.194484,0
0.89563,-0.198604,0
0.91687,-0.197186,0
0.91687,-0.198949,0
0.91687,-0.201027,0
0.91687,-0.196824,0
0.91687,-0.197408,0
0.91687,-0.197843,0
0.91687,-0.198452,0
0.91687,-0.199232,0
0.91687,-0.199748,0
0.91687,-0.200457,0
0.91687,-0.201333,0
0.91687,-0.201858,0
0.91687,-0.202571,0
0.93316,-0.199408,0
0.93316,-0.201118,0
0.93316,-0.203122,0
0.93316,-0.199051,0
0.93316,-0.199625,0
0.93316,-0.200046,0
0.93316,-0.200635,0
0.93316,-0.201391,0
0.93316,-0.201888,0
0.93316,-0.202571,0
0.93316,-0.203416,0
0.93316,-0.203921,0
0.93316,-0.204610,0
0.94184,-0.200544,0
0.94184,-0.200757,0
0.94184,-0.202224,0
0.94184,-0.202491,0
0.94184,-0.204186,0
0.94184,-0.204474,0
0.94184,-0.200189,0
0.94184,-0.201170,0
0.94184,-0.201749,0
0.94184,-0.202977,0
0.94184,-0.203647,0
0.94184,-0.204968,0
0.94184,-0.205642,0
0.95813,-0.202564,0
0.95813,-0.204192,0
0.95813,-0.206081,0
0.95813,-0.202215,0
0.95813,-0.202771,0
0.95813,-0.203171,0
0.95813,-0.203732,0
0.95813,-0.204449,0
0.95813,-0.204916,0
0.95813,-0.205560,0
0.95813,-0.206357,0
0.95813,-0.206831,0
0.95813,-0.207480,0
0.97937,-0.204829,0
0.97937,-0.205172,0
0.97937,-0.205372,0
0.97937,-0.205755,0
0.97937,-0.206295,0
0.97937,-0.206738,0
0.97937,-0.206984,0
0.97937,-0.207428,0
0.97937,-0.208042,0
0.97937,-0.208540,0
0.97937,-0.208803,0
0.97937,-0.209254,0
0.97937,-0.209872,0
0.99566,-0.206809,0
0.99566,-0.207148,0
0.99566,-0.207344,0
0.99566,-0.207716,0
0.99566,-0.208241,0
0.99566,-0.208674,0
0.99566,-0.208911,0
0.99566,-0.209340,0
0.99566,-0.209934,0
0.99566,-0.210416,0
0.99566,-0.210669,0
0.99566,-0.211104,0
0.99566,-0.211701,0
1.00434,-0.207813,0
1.00434,-0.208149,0
1.00434,-0.208343,0
1.00434,-0.208709,0
1.00434,-0.209226,0
1.00434,-0.209652,0
1.00434,-0.209886,0
1.00434,-0.210306,0
1.00434,-0.210889,0
1.00434,-0.211362,0
1.00434,-0.211611,0
1.00434,-0.212036,0
1.00434,-0.212621,0
1.02063,-0.209585,0
1.02063,-0.209918,0
1.02063,-0.210107,0
1.02063,-0.210463,0
1.02063,-0.210965,0
1.02063,-0.211380,0
1.02063,-0.211606,0
1.02063,-0.212011,0
1.02063,-0.212575,0
1.02063,-0.213033,0
1.02063,-0.213273,0
1.02063,-0.213682,0
1.02063,-0.214247,0
1.04187,-0.211873,0
1.04187,-0.212201,0
1.04187,-0.212385,0
1.04187,-0.212728,0
1.04187,-0.213214,0
1.04187,-0.213616,0
1.04187,-0.213834,0
1.04187,-0.214221,0
1.04187,-0.214761,0
1.04187,-0.215201,0
1.04187,-0.215430,0
1.04187,-0.215821,0
1.04187,-0.216361,0
1.05816,-0.213606,0
1.05816,-0.213932,0
1.05816,-0.214113,0
1.05816,-0.214448,0
1.05816,-0.214923,0
1.05816,-0.215316,0
1.05816,-0.215527,0
1.05816,-0.215902,0
1.05816,-0.216426,0
1.05816,-0.216854,0
1.05816,-0.217076,0
1.05816,-0.217453,0
1.05816,-0.217976,0
1.06684,-0.214476,0
1.06684,-0.214800,0
1.06684,-0.214979,0
1.06684,-0.215310,0
1.06684,-0.215779,0
1.06684,-0.216167,0
1.06684,-0.216375,0
1.06684,-0.216744,0
1.06684,-0.217259,0
1.06684,-0.217681,0
1.06684,-0.217898,0
1.06684,-0.218268,0
1.06684,-0.218782,0
1.08313,-0.215999,0
1.08313,-0.216320,0
1.08313,-0.216496,0
1.08313,-0.216818,0
1.08313,-0.217277,0
1.08313,-0.217657,0
1.08313,-0.217859,0
1.08313,-0.218216,0
1.08313,-0.218716,0
1.08313,-0.219126,0
1.08313,-0.219337,0
1.08313,-0.219694,0
1.08313,-0.220192,0
1.10437,-0.217965,0
1.10437,-0.218282,0
1.10437,-0.218454,0
1.10437,-0.218768,0
1.10437,-0.219214,0
1.10437,-0.219584,0
1.10437,-0.219779,0
1.10437,-0.220123,0
1.10437,-0.220605,0
1.10437,-0.221001,0
1.10437,-0.221204,0
1.10437,-0.221546,0
1.10437,-0.222023,0
1.12066,-0.219455,0
1.12066,-0.219770,0
1.12066,-0.219940,0
1.12066,-0.220247,0
1.12066,-0.220685,0
1.12066,-0.221048,0
1.12066,-0.221239,0
1.12066,-0.221573,0
1.12066,-0.222043,0
1.12066,-0.222430,0
1.12066,-0.222626,0
1.12066,-0.222958,0
1.12066,-0.223422,0
1.12934,-0.220194,0
1.12934,-0.220508,0
1.12934,-0.220677,0
1.12934,-0.220981,0
1.12934,-0.221414,0
1.12934,-0.221774,0
1.12934,-0.221962,0
1.12934,-0.222291,0
1.12934,-0.222754,0
1.12934,-0.223136,0
1.12934,-0.223329,0
1.12934,-0.223656,0
1.12934,-0.224112,0
1.14563,-0.221471,0
1.14563,-0.221784,0
1.14563,-0.222248,0
1.14563,-0.222673,0
1.14563,-0.223027,0
1.14563,-0.223531,0
1.14563,-0.223983,0
1.14563,-0.224355,0
1.14563,-0.224860,0
1.14563,-0.225304,0
1.14563,-0.221950,0
1.14563,-0.223211,0
1.14563,-0.224544,0
1.16687,-0.223120,0
1.16687,-0.223431,0
1.16687,-0.223594,0
1.16687,-0.223885,0
1.16687,-0.224301,0
1.16687,-0.224648,0
1.16687,-0.224826,0
1.16687,-0.225136,0
1.16687,-0.225574,0
1.16687,-0.225936,0
1.16687,-0.226118,0
1.16687,-0.226423,0
1.16687,-0.226851,0
1.18316,-0.224370,0
1.18316,-0.224679,0
1.18316,-0.224841,0
1.18316,-0.225127,0
1.18316,-0.225537,0
1.18316,-0.225878,0
1.18316,-0.226054,0
1.18316,-0.226357,0
1.18316,-0.226785,0
1.18316,-0.227140,0
1.18316,-0.227317,0
1.18316,-0.227614,0
1.18316,-0.228032,0
1.19184,-0.224980,0
1.19184,-0.225289,0
1.19184,-0.226140,0
1.19184,-0.226479,0
1.19184,-0.227375,0
1.19184,-0.227726,0
1.19184,-0.228605,0
1.19184,-0.225450,0
1.19184,-0.225734,0
1.19184,-0.226652,0
1.19184,-0.226951,0
1.19184,-0.227901,0
1.19184,-0.228193,0
1.20813,-0.226764,0
1.20813,-0.227961,0
1.20813,-0.229176,0
1.20813,-0.226018,0
1.20813,-0.226325,0
1.20813,-0.226484,0
1.20813,-0.227164,0
1.20813,-0.227498,0
1.20813,-0.227668,0
1.20813,-0.228376,0
1.20813,-0.228720,0
1.20813,-0.228891,0
1.20813,-0.229578,0
1.22937,-0.227356,0
1.22937,-0.227662,0
1.22937,-0.227819,0
1.22937,-0.228093,0
1.22937,-0.228487,0
1.22937,-0.228815,0
1.22937,-0.228982,0
1.22937,-0.229266,0
1.22937,-0.229671,0
1.22937,-0.230007,0
1.22937,-0.230173,0
1.22937,-0.230449,0
1.22937,-0.230840,0
1.24566,-0.228369,0
1.24566,-0.228674,0
1.24566,-0.228830,0
1.24566,-0.229101,0
1.24566,-0.229490,0
1.24566,-0.229815,0
1.24566,-0.229979,0
1.24566,-0.230258,0
1.24566,-0.230656,0
1.24566,-0.230986,0
1.24566,-0.231149,0
1.24566,-0.231419,0
1.24566,-0.231802,0
1.25434,-0.228854,0
1.25434,-0.229158,0
1.25434,-0.229582,0
1.25434,-0.229969,0
1.25434,-0.230291,0
1.25434,-0.230731,0
1.25434,-0.231125,0
1.25434,-0.231452,0
1.25434,-0.231880,0
1.25434,-0.232259,0
1.25434,-0.229313,0
1.25434,-0.230454,0
1.25434,-0.231614,0
1.27063,-0.229656,0
1.27063,-0.230761,0
1.27063,-0.231899,0
1.27063,-0.233012,0
1.27063,-0.229959,0
1.27063,-0.230112,0
1.27063,-0.230379,0
1.27063,-0.231080,0
1.27063,-0.231240,0
1.27063,-0.231512,0
1.27063,-0.232222,0
1.27063,-0.232380,0
1.27063,-0.232641,0
1.29187,-0.233216,0
1.29187,-0.230990,0
1.29187,-0.231142,0
1.29187,-0.231404,0
1.29187,-0.231781,0
1.29187,-0.232096,0
1.29187,-0.232254,0
1.29187,-0.232520,0
1.29187,-0.232900,0
1.29187,-0.233371,0
1.29187,-0.233625,0
1.29187,-0.233988,0
1.29187,-0.230688,0
1.30816,-0.233659,0
1.30816,-0.233971,0
1.30816,-0.234124,0
1.30816,-0.231469,0
1.30816,-0.231770,0
1.30816,-0.231921,0
1.30816,-0.232181,0
1.30816,-0.232554,0
1.30816,-0.232866,0
1.30816,-0.233022,0
1.30816,-0.233284,0
1.30816,-0.234374,0
1.30816,-0.234731,0
1.31684,-0.233635,0
1.31684,-0.234007,0
1.31684,-0.234318,0
1.31684,-0.234717,0
1.31684,-0.235071,0
1.31684,-0.231829,0
1.31684,-0.232129,0
1.31684,-0.232538,0
1.31684,-0.232910,0
1.31684,-0.233221,0
1.31684,-0.234469,0
1.31684,-0.232280,0
1.31684,-0.233375,0
1.33313,-0.234557,0
1.33313,-0.234864,0
1.33313,-0.232400,0
1.33313,-0.232698,0
1.33313,-0.233104,0
1.33313,-0.233472,0
1.33313,-0.233780,0
1.33313,-0.234189,0
1.33313,-0.235013,0
1.33313,-0.235256,0
1.33313,-0.235605,0
1.33313,-0.232848,0
1.33313,-0.233933,0
1.35437,-0.233428,0
1.35437,-0.234499,0
1.35437,-0.235566,0
1.35437,-0.233131,0
1.35437,-0.233576,0
1.35437,-0.233830,0
1.35437,-0.234194,0
1.35437,-0.234649,0
1.35437,-0.234902,0
1.35437,-0.235264,0
1.35437,-0.235713,0
1.35437,-0.235952,0
1.35437,-0.236296,0
1.37066,-0.233681,0
1.37066,-0.233978,0
1.37066,-0.234125,0
1.37066,-0.234377,0
1.37066,-0.234738,0
1.37066,-0.235041,0
1.37066,-0.235190,0
1.37066,-0.235440,0
1.37066,-0.235798,0
1.37066,-0.236098,0
1.37066,-0.236243,0
1.37066,-0.236480,0
1.37066,-0.236819,0
1.37934,-0.233919,0
1.37934,-0.234972,0
1.37934,-0.236028,0
1.37934,-0.237042,0
1.37934,-0.234215,0
1.37934,-0.234612,0
1.37934,-0.235274,0
1.37934,-0.235671,0
1.37934,-0.236326,0
1.37934,-0.236705,0
1.37934,-0.234362,0
1.37934,-0.235422,0
1.37934,-0.236470,0
1.39563,-0.235606,0
1.39563,-0.234555,0
1.39563,-0.234949,0
1.39563,-0.235307,0
1.39563,-0.235753,0
1.39563,-0.235999,0
1.39563,-0.236648,0
1.39563,-0.236791,0
1.39563,-0.237024,0
1.39563,-0.234261,0
1.39563,-0.234701,0
1.39563,-0.236353,0
1.39563,-0.237358,0
1.41687,-0.235731,0
1.41687,-0.236028,0
1.41687,-0.235377,0
1.41687,-0.236174,0
1.41687,-0.236417,0
1.41687,-0.236767,0
1.41687,-0.237060,0
1.41687,-0.237202,0
1.41687,-0.237431,0
1.41687,-0.237762,0
1.41687,-0.234694,0
1.41687,-0.234987,0
1.41687,-0.235131,0
1.43316,-0.236344,0
1.43316,-0.235697,0
1.43316,-0.236049,0
1.43316,-0.236489,0
1.43316,-0.236730,0
1.43316,-0.237078,0
1.43316,-0.237369,0
1.43316,-0.237510,0
1.43316,-0.237738,0
1.43316,-0.238066,0
1.43316,-0.235017,0
1.43316,-0.235308,0
1.43316,-0.235452,0
1.44184,-0.236456,0
1.44184,-0.236601,0
1.44184,-0.236841,0
1.44184,-0.237188,0
1.44184,-0.237478,0
1.44184,-0.235424,0
1.44184,-0.236162,0
1.44184,-0.237618,0
1.44184,-0.237845,0
1.44184,-0.238173,0
1.44184,-0.235133,0
1.44184,-0.235567,0
1.44184,-0.235811,0
1.45813,-0.236945,0
1.45813,-0.235248,0
1.45813,-0.235921,0
1.45813,-0.236269,0
1.45813,-0.236562,0
1.45813,-0.236706,0
1.45813,-0.237289,0
1.45813,-0.237578,0
1.45813,-0.237717,0
1.45813,-0.237943,0
1.45813,-0.238269,0
1.45813,-0.235537,0
1.45813,-0.235679,0
1.47937,-0.236399,0
1.47937,-0.236690,0
1.47937,-0.236832,0
1.47937,-0.235385,0
1.47937,-0.236053,0
1.47937,-0.237069,0
1.47937,-0.237412,0
1.47937,-0.237699,0
1.47937,-0.237838,0
1.47937,-0.238062,0
1.47937,-0.238387,0
1.47937,-0.235672,0
1.47937,-0.235813,0
1.49566,-0.236779,0
1.49566,-0.237157,0
1.49566,-0.235481,0
1.49566,-0.236145,0
1.49566,-0.236489,0
1.49566,-0.236921,0
1.49566,-0.237499,0
1.49566,-0.237785,0
1.49566,-0.238148,0
1.49566,-0.238472,0
1.49566,-0.235766,0
1.49566,-0.235907,0
1.49566,-0.237923,0
1.50434,-0.236482,0
1.50434,-0.236770,0
1.50434,-0.236912,0
1.50434,-0.235761,0
1.50434,-0.237148,0
1.50434,-0.237489,0
1.50434,-0.237775,0
1.50434,-0.237913,0
1.50434,-0.238461,0
1.50434,-0.235477,0
1.50434,-0.235901,0
1.50434,-0.236138,0
1.50434,-0.238137,0
1.52063,-0.236650,0
1.52063,-0.237027,0
1.52063,-0.236022,0
1.52063,-0.236363,0
1.52063,-0.236791,0
1.52063,-0.237367,0
1.52063,-0.237652,0
1.52063,-0.237790,0
1.52063,-0.238014,0
1.52063,-0.238338,0
1.52063,-0.235365,0
1.52063,-0.235646,0
1.52063,-0.235785,0
1.54187,-0.235207,0
1.54187,-0.236197,0
1.54187,-0.237197,0
1.54187,-0.238169,0
1.54187,-0.235485,0
1.54187,-0.235623,0
1.54187,-0.235857,0
1.54187,-0.236483,0
1.54187,-0.236623,0
1.54187,-0.236858,0
1.54187,-0.237482,0
1.54187,-0.237620,0
1.54187,-0.237845,0
1.55816,-0.235076,0
1.55816,-0.235352,0
1.55816,-0.235722,0
1.55816,-0.236060,0
1.55816,-0.236345,0
1.55816,-0.236486,0
1.55816,-0.236721,0
1.55816,-0.237060,0
1.55816,-0.237345,0
1.55816,-0.237709,0
1.55816,-0.238034,0
1.55816,-0.235489,0
1.55816,-0.237483,0
1.56684,-0.234950,0
1.56684,-0.235225,0
1.56684,-0.235362,0
1.56684,-0.235932,0
1.56684,-0.236216,0
1.56684,-0.236356,0
1.56684,-0.236931,0
1.56684,-0.237216,0
1.56684,-0.237354,0
1.56684,-0.237907,0
1.56684,-0.235595,0
1.56684,-0.236591,0
1.56684,-0.237580,0
1.58313,-0.235251,0
1.58313,-0.236245,0
1.58313,-0.237235,0
1.58313,-0.234612,0
1.58313,-0.234884,0
1.58313,-0.235019,0
1.58313,-0.235586,0
1.58313,-0.235870,0
1.58313,-0.236010,0
1.58313,-0.236584,0
1.58313,-0.236870,0
1.58313,-0.237009,0
1.58313,-0.237563,0
1.60437,-0.236408,0
1.60437,-0.237107,0
1.60437,-0.234157,0
1.60437,-0.234426,0
1.60437,-0.234560,0
1.60437,-0.234790,0
1.60437,-0.235124,0
1.60437,-0.235406,0
1.60437,-0.235546,0
1.60437,-0.235781,0
1.60437,-0.236122,0
1.60437,-0.236548,0
1.60437,-0.236777,0
1.62066,-0.236046,0
1.62066,-0.234064,0
1.62066,-0.234426,0
1.62066,-0.235041,0
1.62066,-0.235181,0
1.62066,-0.235417,0
1.62066,-0.235759,0
1.62066,-0.236187,0
1.62066,-0.236418,0
1.62066,-0.233798,0
1.62066,-0.234197,0
1.62066,-0.234759,0
1.62066,-0.236751,0
1.62934,-0.235798,0
1.62934,-0.233550,0
1.62934,-0.233815,0
1.62934,-0.233948,0
1.62934,-0.234509,0
1.62934,-0.234790,0
1.62934,-0.234930,0
1.62934,-0.235167,0
1.62934,-0.235510,0
1.62934,-0.235939,0
1.62934,-0.236506,0
1.62934,-0.234177,0
1.62934,-0.236171,0
1.64563,-0.234938,0
1.64563,-0.232984,0
1.64563,-0.233245,0
1.64563,-0.233604,0
1.64563,-0.233936,0
1.64563,-0.234216,0
1.64563,-0.234594,0
1.64563,-0.235227,0
1.64563,-0.235604,0
1.64563,-0.235942,0
1.64563,-0.233377,0
1.64563,-0.234356,0
1.64563,-0.235369,0
1.66687,-0.232230,0
1.66687,-0.232487,0
1.66687,-0.232618,0
1.66687,-0.232844,0
1.66687,-0.233174,0
1.66687,-0.233454,0
1.66687,-0.233595,0
1.66687,-0.233834,0
1.66687,-0.234181,0
1.66687,-0.234472,0
1.66687,-0.234616,0
1.66687,-0.234854,0
1.66687,-0.235198,0
1.68316,-0.233885,0
1.68316,-0.231641,0
1.68316,-0.231895,0
1.68316,-0.232025,0
1.68316,-0.232250,0
1.68316,-0.232580,0
1.68316,-0.232860,0
1.68316,-0.233001,0
1.68316,-0.233243,0
1.68316,-0.233591,0
1.68316,-0.234031,0
1.68316,-0.234273,0
1.68316,-0.234620,0
1.69184,-0.231523,0
1.69184,-0.232487,0
1.69184,-0.233516,0
1.69184,-0.231270,0
1.69184,-0.231652,0
1.69184,-0.231878,0
1.69184,-0.232207,0
1.69184,-0.232628,0
1.69184,-0.232871,0
1.69184,-0.233221,0
1.69184,-0.233663,0
1.69184,-0.233906,0
1.69184,-0.234257,0
1.70813,-0.230722,0
1.70813,-0.230850,0
1.70813,-0.231075,0
1.70813,-0.231404,0
1.70813,-0.231683,0
1.70813,-0.231825,0
1.70813,-0.232070,0
1.70813,-0.232423,0
1.70813,-0.232720,0
1.70813,-0.232868,0
1.70813,-0.233116,0
1.70813,-0.233472,0
1.70813,-0.230474,0
1.72937,-0.230620,0
1.72937,-0.229417,0
1.72937,-0.229788,0
1.72937,-0.230013,0
1.72937,-0.230341,0
1.72937,-0.230764,0
1.72937,-0.231011,0
1.72937,-0.231369,0
1.72937,-0.231821,0
1.72937,-0.232074,0
1.72937,-0.232438,0
1.72937,-0.229662,0
1.72937,-0.231670,0
1.74566,-0.229795,0
1.74566,-0.230856,0
1.74566,-0.228836,0
1.74566,-0.229186,0
1.74566,-0.229515,0
1.74566,-0.229939,0
1.74566,-0.230190,0
1.74566,-0.230552,0
1.74566,-0.231009,0
1.74566,-0.231268,0
1.74566,-0.231638,0
1.74566,-0.228595,0
1.74566,-0.228962,0
1.75434,-0.229298,0
1.75434,-0.229018,0
1.75434,-0.229443,0
1.75434,-0.229695,0
1.75434,-0.230366,0
1.75434,-0.228100,0
1.75434,-0.228339,0
1.75434,-0.228464,0
1.75434,-0.228689,0
1.75434,-0.230060,0
1.75434,-0.230521,0
1.75434,-0.230782,0
1.75434,-0.231156,0
1.77063,-0.228263,0
1.77063,-0.228665,0
1.77063,-0.227070,0
1.77063,-0.227654,0
1.77063,-0.227983,0
1.77063,-0.228409,0
1.77063,-0.229034,0
1.77063,-0.229343,0
1.77063,-0.229767,0
1.77063,-0.230148,0
1.77063,-0.227305,0
1.77063,-0.227430,0
1.77063,-0.229501,0
1.79187,-0.226616,0
1.79187,-0.226897,0
1.79187,-0.227305,0
1.79187,-0.225708,0
1.79187,-0.225938,0
1.79187,-0.226286,0
1.79187,-0.227045,0
1.79187,-0.227681,0
1.79187,-0.227996,0
1.79187,-0.228432,0
1.79187,-0.228824,0
1.79187,-0.228157,0
1.79187,-0.226061,0
1.80816,-0.225837,0
1.80816,-0.225986,0
1.80816,-0.226953,0
1.80816,-0.224875,0
1.80816,-0.225223,0
1.80816,-0.225554,0
1.80816,-0.226252,0
1.80816,-0.226634,0
1.80816,-0.227118,0
1.80816,-0.227400,0
1.80816,-0.227801,0
1.80816,-0.224648,0
1.80816,-0.224998,0
1.81684,-0.225215,0
1.81684,-0.225366,0
1.81684,-0.226341,0
1.81684,-0.224027,0
1.81684,-0.224251,0
1.81684,-0.224600,0
1.81684,-0.224932,0
1.81684,-0.225634,0
1.81684,-0.226019,0
1.81684,-0.226508,0
1.81684,-0.226794,0
1.81684,-0.227200,0
1.81684,-0.224374,0
1.83313,-0.224372,0
1.83313,-0.222982,0
1.83313,-0.223330,0
1.83313,-0.223663,0
1.83313,-0.223947,0
1.83313,-0.224764,0
1.83313,-0.225091,0
1.83313,-0.225555,0
1.83313,-0.225970,0
1.83313,-0.222762,0
1.83313,-0.224100,0
1.83313,-0.223104,0
1.83313,-0.225262,0
1.85437,-0.221304,0
1.85437,-0.222274,0
1.85437,-0.223111,0
1.85437,-0.223446,0
1.85437,-0.221089,0
1.85437,-0.221425,0
1.85437,-0.221653,0
1.85437,-0.221988,0
1.85437,-0.222430,0
1.85437,-0.222710,0
1.85437,-0.223622,0
1.85437,-0.223925,0
1.85437,-0.224354,0
1.87066,-0.220001,0
1.87066,-0.220978,0
1.87066,-0.222174,0
1.87066,-0.219790,0
1.87066,-0.220122,0
1.87066,-0.220352,0
1.87066,-0.220689,0
1.87066,-0.221136,0
1.87066,-0.221422,0
1.87066,-0.221832,0
1.87066,-0.222354,0
1.87066,-0.222667,0
1.87066,-0.223108,0
1.87934,-0.219040,0
1.87934,-0.219601,0
1.87934,-0.219940,0
1.87934,-0.220680,0
1.87934,-0.221094,0
1.87934,-0.221940,0
1.87934,-0.222388,0
1.87934,-0.219250,0
1.87934,-0.219370,0
1.87934,-0.220230,0
1.87934,-0.220390,0
1.87934,-0.221439,0
1.87934,-0.221622,0
1.89563,-0.217743,0
1.89563,-0.218729,0
1.89563,-0.219962,0
1.89563,-0.217538,0
1.89563,-0.217864,0
1.89563,-0.218096,0
1.89563,-0.218437,0
1.89563,-0.218891,0
1.89563,-0.219187,0
1.89563,-0.219610,0
1.89563,-0.220149,0
1.89563,-0.220476,0
1.89563,-0.220936,0
1.91687,-0.219030,0
1.91687,-0.215553,0
1.91687,-0.215872,0
1.91687,-0.216107,0
1.91687,-0.216453,0
1.91687,-0.216914,0
1.91687,-0.217220,0
1.91687,-0.217656,0
1.91687,-0.218212,0
1.91687,-0.218553,0
1.91687,-0.215752,0
1.91687,-0.216748,0
1.91687,-0.218018,0
1.93316,-0.216516,0
1.93316,-0.214010,0
1.93316,-0.214206,0
1.93316,-0.214326,0
1.93316,-0.214564,0
1.93316,-0.214914,0
1.93316,-0.215213,0
1.93316,-0.215383,0
1.93316,-0.215698,0
1.93316,-0.216145,0
1.93316,-0.216716,0
1.93316,-0.217068,0
1.93316,-0.217561,0
1.94184,-0.215659,0
1.94184,-0.215863,0
1.94184,-0.213326,0
1.94184,-0.213446,0
1.94184,-0.214339,0
1.94184,-0.214511,0
1.94184,-0.213132,0
1.94184,-0.213686,0
1.94184,-0.214038,0
1.94184,-0.214830,0
1.94184,-0.215284,0
1.94184,-0.216222,0
1.94184,-0.216723,0
1.95813,-0.213107,0
1.95813,-0.214535,0
1.95813,-0.213572,0
1.95813,-0.211394,0
1.95813,-0.211583,0
1.95813,-0.211703,0
1.95813,-0.211945,0
1.95813,-0.212301,0
1.95813,-0.212604,0
1.95813,-0.212780,0
1.95813,-0.213956,0
1.95813,-0.214165,0
1.95813,-0.215051,0
1.97937,-0.211318,0
1.97937,-0.209095,0
1.97937,-0.209278,0
1.97937,-0.209399,0
1.97937,-0.209646,0
1.97937,-0.210008,0
1.97937,-0.210316,0
1.97937,-0.210497,0
1.97937,-0.210838,0
1.97937,-0.211715,0
1.97937,-0.211934,0
1.97937,-0.212320,0
1.97937,-0.212858,0
1.99566,-0.207309,0
1.99566,-0.207489,0
1.99566,-0.207610,0
1.99566,-0.207862,0
1.99566,-0.208230,0
1.99566,-0.208544,0
1.99566,-0.208730,0
1.99566,-0.209081,0
1.99566,-0.209576,0
1.99566,-0.209985,0
1.99566,-0.210211,0
1.99566,-0.210611,0
1.99566,-0.211168,0
2.00434,-0.206302,0
2.00434,-0.206480,0
2.00434,-0.206601,0
2.00434,-0.206855,0
2.00434,-0.207227,0
2.00434,-0.207544,0
2.00434,-0.207732,0
2.00434,-0.208090,0
2.00434,-0.208593,0
2.00434,-0.209008,0
2.00434,-0.209238,0
2.00434,-0.209646,0
2.00434,-0.210213,0
2.02063,-0.204333,0
2.02063,-0.204505,0
2.02063,-0.204884,0
2.02063,-0.205261,0
2.02063,-0.205581,0
2.02063,-0.206141,0
2.02063,-0.206658,0
2.02063,-0.207082,0
2.02063,-0.207741,0
2.02063,-0.208324,0
2.02063,-0.204626,0
2.02063,-0.205774,0
2.02063,-0.207319,0
2.04187,-0.201726,0
2.04187,-0.201893,0
2.04187,-0.202015,0
2.04187,-0.202279,0
2.04187,-0.202664,0
2.04187,-0.202991,0
2.04187,-0.203191,0
2.04187,-0.203574,0
2.04187,-0.204111,0
2.04187,-0.204551,0
2.04187,-0.204799,0
2.04187,-0.205240,0
2.04187,-0.205849,0
2.05816,-0.199701,0
2.05816,-0.199864,0
2.05816,-0.199987,0
2.05816,-0.200257,0
2.05816,-0.200651,0
2.05816,-0.200984,0
2.05816,-0.201190,0
2.05816,-0.201588,0
2.05816,-0.202143,0
2.05816,-0.202596,0
2.05816,-0.202853,0
2.05816,-0.203312,0
2.05816,-0.203943,0
2.06684,-0.198569,0
2.06684,-0.198853,0
2.06684,-0.199525,0
2.06684,-0.200071,0
2.06684,-0.201040,0
2.06684,-0.201763,0
2.06684,-0.202874,0
2.06684,-0.198729,0
2.06684,-0.199127,0
2.06684,-0.199861,0
2.06684,-0.200476,0
2.06684,-0.201501,0
2.06684,-0.202232,0
2.08313,-0.196533,0
2.08313,-0.196657,0
2.08313,-0.196936,0
2.08313,-0.197680,0
2.08313,-0.197895,0
2.08313,-0.198311,0
2.08313,-0.199363,0
2.08313,-0.199633,0
2.08313,-0.200116,0
2.08313,-0.196380,0
2.08313,-0.197340,0
2.08313,-0.198891,0
2.08313,-0.200777,0
2.10437,-0.193482,0
2.10437,-0.193628,0
2.10437,-0.193753,0
2.10437,-0.194040,0
2.10437,-0.194454,0
2.10437,-0.194802,0
2.10437,-0.195025,0
2.10437,-0.195460,0
2.10437,-0.196063,0
2.10437,-0.196553,0
2.10437,-0.196836,0
2.10437,-0.197340,0
2.10437,-0.198030,0
2.12066,-0.191229,0
2.12066,-0.191370,0
2.12066,-0.191496,0
2.12066,-0.191791,0
2.12066,-0.192215,0
2.12066,-0.192571,0
2.12066,-0.192802,0
2.12066,-0.193253,0
2.12066,-0.193878,0
2.12066,-0.194384,0
2.12066,-0.194677,0
2.12066,-0.195201,0
2.12066,-0.195916,0
2.12934,-0.189980,0
2.12934,-0.190245,0
2.12934,-0.190973,0
2.12934,-0.191567,0
2.12934,-0.192663,0
2.12934,-0.193477,0
2.12934,-0.194739,0
2.12934,-0.190118,0
2.12934,-0.190544,0
2.12934,-0.191332,0
2.12934,-0.192027,0
2.12934,-0.193177,0
2.12934,-0.194011,0
2.14563,-0.187597,0
2.14563,-0.187726,0
2.14563,-0.188156,0
2.14563,-0.188591,0
2.14563,-0.188953,0
2.14563,-0.189667,0
2.14563,-0.190318,0
2.14563,-0.190843,0
2.14563,-0.191699,0
2.14563,-0.192444,0
2.14563,-0.187853,0
2.14563,-0.189194,0
2.14563,-0.191151,0
2.16687,-0.184440,0
2.16687,-0.184559,0
2.16687,-0.184687,0
2.16687,-0.184999,0
2.16687,-0.185444,0
2.16687,-0.185814,0
2.16687,-0.186063,0
2.16687,-0.186556,0
2.16687,-0.187233,0
2.16687,-0.187776,0
2.16687,-0.188097,0
2.16687,-0.188669,0
2.16687,-0.189442,0
2.18316,-0.181984,0
2.18316,-0.182096,0
2.18316,-0.182225,0
2.18316,-0.182547,0
2.18316,-0.183003,0
2.18316,-0.183380,0
2.18316,-0.183638,0
2.18316,-0.184150,0
2.18316,-0.184849,0
2.18316,-0.185409,0
2.18316,-0.185743,0
2.18316,-0.186335,0
2.18316,-0.187134,0
2.19184,-0.180634,0
2.19184,-0.180742,0
2.19184,-0.180871,0
2.19184,-0.181198,0
2.19184,-0.181658,0
2.19184,-0.182039,0
2.19184,-0.182301,0
2.19184,-0.182823,0
2.19184,-0.183534,0
2.19184,-0.184103,0
2.19184,-0.184443,0
2.19184,-0.185045,0
2.19184,-0.185857,0
2.20813,-0.178106,0
2.20813,-0.178201,0
2.20813,-0.178329,0
2.20813,-0.178659,0
2.20813,-0.179122,0
2.20813,-0.179502,0
2.20813,-0.179770,0
2.20813,-0.180302,0
2.20813,-0.181025,0
2.20813,-0.181602,0
2.20813,-0.181948,0
2.20813,-0.182561,0
2.20813,-0.183385,0
2.22937,-0.174755,0
2.22937,-0.174834,0
2.22937,-0.174962,0
2.22937,-0.175300,0
2.22937,-0.175770,0
2.22937,-0.176154,0
2.22937,-0.176430,0
2.22937,-0.176981,0
2.22937,-0.177727,0
2.22937,-0.178318,0
2.22937,-0.178677,0
2.22937,-0.179308,0
2.22937,-0.180154,0
2.24566,-0.172145,0
2.24566,-0.172214,0
2.24566,-0.172342,0
2.24566,-0.172689,0
2.24566,-0.173169,0
2.24566,-0.173557,0
2.24566,-0.173842,0
2.24566,-0.174412,0
2.24566,-0.175180,0
2.24566,-0.175786,0
2.24566,-0.176157,0
2.24566,-0.176806,0
2.24566,-0.177674,0
2.25434,-0.170727,0
2.25434,-0.170789,0
2.25434,-0.170917,0
2.25434,-0.171267,0
2.25434,-0.171751,0
2.25434,-0.172141,0
2.25434,-0.172430,0
2.25434,-0.173009,0
2.25434,-0.173787,0
2.25434,-0.174400,0
2.25434,-0.174777,0
2.25434,-0.175434,0
2.25434,-0.176311,0
2.27063,-0.168144,0
2.27063,-0.168187,0
2.27063,-0.168310,0
2.27063,-0.168661,0
2.27063,-0.169139,0
2.27063,-0.169521,0
2.27063,-0.169812,0
2.27063,-0.170395,0
2.27063,-0.171173,0
2.27063,-0.171783,0
2.27063,-0.172163,0
2.27063,-0.172818,0
2.27063,-0.173689,0
2.29187,-0.164718,0
2.29187,-0.164737,0
2.29187,-0.164857,0
2.29187,-0.165213,0
2.29187,-0.165689,0
2.29187,-0.166065,0
2.29187,-0.166361,0
2.29187,-0.166955,0
2.29187,-0.167742,0
2.29187,-0.168355,0
2.29187,-0.168741,0
2.29187,-0.169399,0
2.29187,-0.170271,0
2.30816,-0.162052,0
2.30816,-0.162170,0
2.30816,-0.162532,0
2.30816,-0.163012,0
2.30816,-0.163386,0
2.30816,-0.163689,0
2.30816,-0.164296,0
2.30816,-0.165096,0
2.30816,-0.165715,0
2.30816,-0.166110,0
2.30816,-0.166775,0
2.30816,-0.167653,0
2.30816,-0.162049,0
2.31684,-0.161574,0
2.31684,-0.163665,0
2.31684,-0.166224,0
2.31684,-0.160615,0
2.31684,-0.161944,0
2.31684,-0.164284,0
2.31684,-0.160624,0
2.31684,-0.160731,0
2.31684,-0.161095,0
2.31684,-0.162250,0
2.31684,-0.162862,0
2.31684,-0.164683,0
2.31684,-0.165348,0
2.33313,-0.158117,0
2.33313,-0.158583,0
2.33313,-0.159387,0
2.33313,-0.160285,0
2.33313,-0.161649,0
2.33313,-0.162668,0
2.33313,-0.158153,0
2.33313,-0.158225,0
2.33313,-0.159042,0
2.33313,-0.159687,0
2.33313,-0.161059,0
2.33313,-0.162037,0
2.33313,-0.163497,0
2.35437,-0.154876,0
2.35437,-0.154807,0
2.35437,-0.154908,0
2.35437,-0.155263,0
2.35437,-0.155703,0
2.35437,-0.156022,0
2.35437,-0.156317,0
2.35437,-0.156903,0
2.35437,-0.157649,0
2.35437,-0.158207,0
2.35437,-0.158585,0
2.35437,-0.159179,0
2.35437,-0.159952,0
2.37066,-0.153116,0
2.37066,-0.155027,0
2.37066,-0.157246,0
2.37066,-0.152326,0
2.37066,-0.152232,0
2.37066,-0.152329,0
2.37066,-0.152686,0
2.37066,-0.153419,0
2.37066,-0.153715,0
2.37066,-0.154297,0
2.37066,-0.155566,0
2.37066,-0.155940,0
2.37066,-0.156510,0
2.37934,-0.151006,0
2.37934,-0.150896,0
2.37934,-0.151764,0
2.37934,-0.152054,0
2.37934,-0.153635,0
2.37934,-0.154157,0
2.37934,-0.155783,0
2.37934,-0.150988,0
2.37934,-0.151343,0
2.37934,-0.152346,0
2.37934,-0.152920,0
2.37934,-0.154527,0
2.37934,-0.155076,0
2.39563,-0.148819,0
2.39563,-0.148902,0
2.39563,-0.149245,0
2.39563,-0.149861,0
2.39563,-0.150130,0
2.39563,-0.150647,0
2.39563,-0.151691,0
2.39563,-0.152016,0
2.39563,-0.152454,0
2.39563,-0.148958,0
2.39563,-0.149623,0
2.39563,-0.151263,0
2.39563,-0.153009,0
2.41687,-0.146081,0
2.41687,-0.147004,0
2.41687,-0.148501,0
2.41687,-0.146253,0
2.41687,-0.146156,0
2.41687,-0.146492,0
2.41687,-0.146828,0
2.41687,-0.147250,0
2.41687,-0.147697,0
2.41687,-0.148191,0
2.41687,-0.148769,0
2.41687,-0.149065,0
2.41687,-0.149422,0
2.43316,-0.144155,0
2.43316,-0.143961,0
2.43316,-0.144032,0
2.43316,-0.144371,0
2.43316,-0.144682,0
2.43316,-0.144819,0
2.43316,-0.145052,0
2.43316,-0.145449,0
2.43316,-0.145853,0
2.43316,-0.146075,0
2.43316,-0.146304,0
2.43316,-0.146492,0
2.43316,-0.146699,0
2.44184,-0.143155,0
2.44184,-0.142937,0
2.44184,-0.143643,0
2.44184,-0.143758,0
2.44184,-0.144658,0
2.44184,-0.144821,0
2.44184,-0.145237,0
2.44184,-0.143003,0
2.44184,-0.143345,0
2.44184,-0.143972,0
2.44184,-0.144323,0
2.44184,-0.145018,0
2.44184,-0.145128,0
2.45813,-0.142111,0
2.45813,-0.141900,0
2.45813,-0.141971,0
2.45813,-0.142319,0
2.45813,-0.142566,0
2.45813,-0.142597,0
2.45813,-0.142757,0
2.45813,-0.142962,0
2.45813,-0.143038,0
2.45813,-0.142950,0
2.45813,-0.143010,0
2.45813,-0.142818,0
2.45813,-0.142500,0
2.47937,-0.140767,0
2.47937,-0.141253,0
2.47937,-0.141039,0
2.47937,-0.139007,0
2.47937,-0.140581,0
2.47937,-0.140661,0
2.47937,-0.141041,0
2.47937,-0.141197,0
2.47937,-0.141327,0
2.47937,-0.141324,0
2.47937,-0.140603,0
2.47937,-0.140501,0
2.47937,-0.139899,0
2.49566,-0.139751,0
2.49566,-0.139594,0
2.49566,-0.139685,0
2.49566,-0.140109,0
2.49566,-0.140317,0
2.49566,-0.140213,0
2.49566,-0.140351,0
2.49566,-0.140174,0
2.49566,-0.139593,0
2.49566,-0.138878,0
2.49566,-0.138662,0
2.49566,-0.137736,0
2.49566,-0.136389,0
2.50434,-0.139478,0
2.50434,-0.139885,0
2.50434,-0.140254,0
2.50434,-0.140715,0
2.50434,-0.140214,0
2.50434,-0.137131,0
2.50434,-0.134635,0
2.50434,-0.139277,0
2.50434,-0.140312,0
2.50434,-0.139355,0
2.50434,-0.139378,0
2.50434,-0.140625,0
2.50434,-0.138906,0
2.52063,-0.141154,0
2.52063,-0.140455,0
2.52063,-0.140462,0
2.52063,-0.141274,0
2.52063,-0.141448,0
2.52063,-0.141254,0
2.52063,-0.140708,0
2.52063,-0.139493,0
2.52063,-0.138176,0
2.52063,-0.135571,0
2.52063,-0.132764,0
2.52063,-0.140713,0
2.52063,-0.137631,0
2.54187,-0.141816,0
2.54187,-0.143447,0
2.54187,-0.143630,0
2.54187,-0.143076,0
2.54187,-0.143143,0
2.54187,-0.141785,0
2.54187,-0.139387,1
2.54187,-0.135112,1
2.54187,-0.131915,1
2.54187,-0.127864,1
2.54187,-0.142126,0
2.54187,-0.142613,0
2.54187,-0.136552,1
2.55816,-0.144526,1
2.55816,-0.143875,1
2.55816,-0.140813,1
2.55816,-0.145388,0
2.55816,-0.145779,0
2.55816,-0.136622,1
2.55816,-0.133264,1
2.55816,-0.131478,1
2.55816,-0.127656,1
2.55816,-0.122897,1
2.55816,-0.142925,0
2.55816,-0.143493,0
2.55816,-0.144191,0
2.56684,-0.143146,1
2.56684,-0.146625,1
2.56684,-0.141778,1
2.56684,-0.138181,1
2.56684,-0.133681,1
2.56684,-0.130368,1
2.56684,-0.148059,0
2.56684,-0.148885,0
2.56684,-0.149634,0
2.56684,-0.128648,1
2.56684,-0.125040,1
2.56684,-0.120752,1
2.56684,-0.149599,0
2.58313,-0.141112,1
2.58313,-0.132820,1
2.58313,-0.128411,1
2.58313,-0.147593,0
2.58313,-0.146660,1
2.58313,-0.144522,1
2.58313,-0.138062,1
2.58313,-0.136434,1
2.58313,-0.125251,1
2.58313,-0.123583,1
2.58313,-0.120127,1
2.58313,-0.115989,1
2.58313,-0.146680,1
2.60437,-0.118977,1
2.60437,-0.142871,1
2.60437,-0.142305,1
2.60437,-0.138981,1
2.60437,-0.134828,1
2.60437,-0.131774,1
2.60437,-0.129918,1
2.60437,-0.126273,1
2.60437,-0.121960,1
2.60437,-0.117305,1
2.60437,-0.114027,1
2.60437,-0.110064,1
2.60437,-0.145584,1
2.62066,-0.117299,1
2.62066,-0.114432,1
2.62066,-0.112714,1
2.62066,-0.109559,1
2.62066,-0.141958,1
2.62066,-0.140412,1
2.62066,-0.135848,1
2.62066,-0.130642,1
2.62066,-0.127187,1
2.62066,-0.125233,1
2.62066,-0.121557,1
2.62066,-0.105717,1
2.62066,-0.145668,1
2.62934,-0.111800,1
2.62934,-0.136293,1
2.62934,-0.123916,1
2.62934,-0.118719,1
2.62934,-0.114636,1
2.62934,-0.110078,1
2.62934,-0.107061,1
2.62934,-0.103332,1
2.62934,-0.139455,1
2.62934,-0.135003,1
2.62934,-0.131161,1
2.62934,-0.126794,1
2.62934,-0.122154,1
2.64563,-0.113384,1
2.64563,-0.109421,1
2.64563,-0.106653,1
2.64563,-0.102052,1
2.64563,-0.133841,1
2.64563,-0.131039,1
2.64563,-0.129406,1
2.64563,-0.125634,1
2.64563,-0.121358,1
2.64563,-0.118554,1
2.64563,-0.116696,1
2.64563,-0.104970,1
2.64563,-0.098421,1
2.66687,-0.126740,1
2.66687,-0.124129,1
2.66687,-0.122292,1
2.66687,-0.118636,1
2.66687,-0.114462,1
2.66687,-0.111729,1
2.66687,-0.109840,1
2.66687,-0.106692,1
2.66687,-0.102899,1
2.66687,-0.100225,1
2.66687,-0.098608,1
2.66687,-0.095841,1
2.66687,-0.092364,1
2.68316,-0.121466,1
2.68316,-0.118775,1
2.68316,-0.116832,1
2.68316,-0.113205,1
2.68316,-0.109109,1
2.68316,-0.106468,1
2.68316,-0.104669,1
2.68316,-0.101682,1
2.68316,-0.098064,1
2.68316,-0.095493,1
2.68316,-0.093940,1
2.68316,-0.091304,1
2.68316,-0.087966,1
2.69184,-0.118172,1
2.69184,-0.115687,1
2.69184,-0.110303,1
2.69184,-0.106311,1
2.69184,-0.103668,1
2.69184,-0.098905,1
2.69184,-0.095319,1
2.69184,-0.092795,1
2.69184,-0.088710,1
2.69184,-0.085449,1
2.69184,-0.113801,1
2.69184,-0.101887,1
2.69184,-0.091275,1
2.70813,-0.112087,1
2.70813,-0.109619,1
2.70813,-0.104496,1
2.70813,-0.100688,1
2.70813,-0.098126,1
2.70813,-0.093595,1
2.70813,-0.090130,1
2.70813,-0.087677,1
2.70813,-0.083727,1
2.70813,-0.080592,1
2.70813,-0.107793,1
2.70813,-0.096462,1
2.70813,-0.086195,1
2.72937,-0.104279,1
2.72937,-0.101866,1
2.72937,-0.100104,1
2.72937,-0.097063,1
2.72937,-0.093490,1
2.72937,-0.091048,1
2.72937,-0.089537,1
2.72937,-0.086839,1
2.72937,-0.083555,1
2.72937,-0.081218,1
2.72937,-0.079810,1
2.72937,-0.077482,1
2.72937,-0.074531,1
2.74566,-0.098313,1
2.74566,-0.096014,1
2.74566,-0.094303,1
2.74566,-0.091467,1
2.74566,-0.088063,1
2.74566,-0.085678,1
2.74566,-0.084240,1
2.74566,-0.081679,1
2.74566,-0.078565,1
2.74566,-0.076354,1
2.74566,-0.075044,1
2.74566,-0.072849,1
2.74566,-0.070065,1
2.75434,-0.095005,1
2.75434,-0.092712,1
2.75434,-0.085081,1
2.75434,-0.082803,1
2.75434,-0.075919,1
2.75434,-0.073714,1
2.75434,-0.067529,1
2.75434,-0.091044,1
2.75434,-0.088336,1
2.75434,-0.081425,1
2.75434,-0.078960,1
2.75434,-0.072429,1
2.75434,-0.070257,1
2.77063,-0.088857,1
2.77063,-0.086653,1
2.77063,-0.085036,1
2.77063,-0.082433,1
2.77063,-0.079308,1
2.77063,-0.077116,1
2.77063,-0.075807,1
2.77063,-0.073508,1
2.77063,-0.070655,1
2.77063,-0.068573,1
2.77063,-0.067406,1
2.77063,-0.065363,1
2.77063,-0.062797,1
2.79187,-0.080809,1
2.79187,-0.078731,1
2.79187,-0.077234,1
2.79187,-0.074823,1
2.79187,-0.071925,1
2.79187,-0.069881,1
2.79187,-0.068667,1
2.79187,-0.066579,1
2.79187,-0.063964,1
2.79187,-0.062040,1
2.79187,-0.061004,1
2.79187,-0.059131,1
2.79187,-0.056778,1
2.80816,-0.074500,1
2.80816,-0.072547,1
2.80816,-0.071240,1
2.80816,-0.069029,1
2.80816,-0.066364,1
2.80816,-0.064472,1
2.80816,-0.063332,1
2.80816,-0.061401,1
2.80816,-0.058963,1
2.80816,-0.057156,1
2.80816,-0.056191,1
2.80816,-0.054449,1
2.80816,-0.052265,1
2.81684,-0.071287,1
2.81684,-0.069363,1
2.81684,-0.063299,1
2.81684,-0.061459,1
2.81684,-0.058503,1
2.81684,-0.056181,1
2.81684,-0.054472,1
2.81684,-0.049823,1
2.81684,-0.068114,1
2.81684,-0.065924,1
2.81684,-0.060355,1
2.81684,-0.053553,1
2.81684,-0.051906,1
2.83313,-0.055826,1
2.83313,-0.063003,1
2.83313,-0.059922,1
2.83313,-0.057519,1
2.83313,-0.053086,1
2.83313,-0.049372,1
2.83313,-0.047020,1
2.83313,-0.064813,1
2.83313,-0.061908,1
2.83313,-0.054801,1
2.83313,-0.050944,1
2.83313,-0.048518,1
2.83313,-0.045117,1
2.85437,-0.050044,1
2.85437,-0.048538,1
2.85437,-0.052166,1
2.85437,-0.047638,1
2.85437,-0.046117,1
2.85437,-0.044227,1
2.85437,-0.042846,1
2.85437,-0.042082,1
2.85437,-0.040774,1
2.85437,-0.039105,1
2.85437,-0.056485,1
2.85437,-0.054879,1
2.85437,-0.053912,1
2.87066,-0.042973,1
2.87066,-0.040840,1
2.87066,-0.039158,1
2.87066,-0.044326,1
2.87066,-0.042199,1
2.87066,-0.037933,1
2.87066,-0.037239,1
2.87066,-0.036077,1
2.87066,-0.034588,1
2.87066,-0.050106,1
2.87066,-0.048666,1
2.87066,-0.047760,1
2.87066,-0.046213,1
2.87934,-0.037983,1
2.87934,-0.036395,1
2.87934,-0.041269,1
2.87934,-0.039989,1
2.87934,-0.039271,1
2.87934,-0.035248,1
2.87934,-0.033519,1
2.87934,-0.032138,1
2.87934,-0.046664,1
2.87934,-0.045325,1
2.87934,-0.043031,1
2.87934,-0.034595,1
2.87934,-0.044459,1
2.89563,-0.034303,1
2.89563,-0.032578,1
2.89563,-0.030205,1
2.89563,-0.040147,1
2.89563,-0.038981,1
2.89563,-0.036956,1
2.89563,-0.035417,1
2.89563,-0.033689,1
2.89563,-0.031202,1
2.89563,-0.029624,1
2.89563,-0.028681,1
2.89563,-0.027466,1
2.89563,-0.038208,1
2.91687,-0.026973,1
2.91687,-0.024484,1
2.91687,-0.023681,1
2.91687,-0.031668,1
2.91687,-0.030725,1
2.91687,-0.029098,1
2.91687,-0.027860,1
2.91687,-0.026468,1
2.91687,-0.025584,1
2.91687,-0.023205,1
2.91687,-0.022452,1
2.91687,-0.021474,1
2.91687,-0.030108,1
2.93316,-0.022075,1
2.93316,-0.020238,1
2.93316,-0.019355,1
2.93316,-0.018704,1
2.93316,-0.017729,1
2.93316,-0.016952,1
2.93316,-0.025178,1
2.93316,-0.024409,1
2.93316,-0.023913,1
2.93316,-0.023079,1
2.93316,-0.021371,1
2.93316,-0.020942,1
2.93316,-0.018321,1
2.94184,-0.021028,1
2.94184,-0.018379,1
2.94184,-0.016633,1
2.94184,-0.016064,1
2.94184,-0.015729,1
2.94184,-0.021684,1
2.94184,-0.020602,1
2.94184,-0.019864,1
2.94184,-0.018988,1
2.94184,-0.017995,1
2.94184,-0.017394,1
2.94184,-0.015209,1
2.94184,-0.014517,1
2.95813,-0.010382,1
2.95813,-0.015095,1
2.95813,-0.013779,1
2.95813,-0.012712,1
2.95813,-0.012416,1
2.95813,-0.011979,1
2.95813,-0.011421,1
2.95813,-0.010999,1
2.95813,-0.010747,1
2.95813,-0.009881,1
2.95813,-0.014629,1
2.95813,-0.014317,1
2.95813,-0.013147,1
2.97937,-0.005551,1
2.97937,-0.006520,1
2.97937,-0.006322,1
2.97937,-0.005853,1
2.97937,-0.005354,1
2.97937,-0.005170,1
2.97937,-0.004963,1
2.97937,-0.004689,1
2.97937,-0.004475,1
2.97937,-0.004325,1
2.97937,-0.004165,1
2.97937,-0.003921,1
2.97937,-0.006121,1
2.99566,0.000262,1
2.99566,0.000270,1
2.99566,0.000401,1
2.99566,0.000053,1
2.99566,0.000379,1
2.99566,0.000441,1
2.99566,0.000480,1
2.99566,0.000554,1
2.99566,0.000594,1
2.99566,0.000024,1
2.99566,0.000164,1
2.99566,0.000220,1
2.99566,0.000556,1
